{
  "menu": [
    {
      "url": "javascript:void(0)",
      "i18n": "Dashboard",
      "name": "Dashboard",
      "slug": "dashboard",
      "activate": "DashboardDropdown",
      "icon": "dashboard",
      "dropdown": "1",
      "submenu": [
        {
          "url": "modern",
          "i18n": "Modern",
          "name": "Modern",
          "slug": "modern"
        },
        {
          "url": "ecommerce",
          "i18n": "eCommerce",
          "name": "eCommerce",
          "slug": "ecommerce"
        },
        {
          "url": "analytics",
          "i18n": "Analytics",
          "name": "Analytics",
          "slug": "analytics"
        }
      ]
    },
    {
      "url": "javascript:void(0)",
      "i18n": "Apps",
      "name": "Apps",
      "slug": "apps",
      "activate": "AppsDropdown",
      "icon": "mail_outline",
      "dropdown": "1",
      "submenu": [
        {
          "url": "app-email",
          "i18n": "Mail",
          "name": "Mail",
          "slug": "app-email"
        },
        {
          "url": "app-chat",
          "i18n": "Chat",
          "name": "Chat",
          "slug": "app-chat"
        },
      ]
    },
    {
      "url": "javascript:void(0)",
      "i18n": "Pages",
      "name": "Pages",
      "activate": "PageDropdown",
      "slug": "pages",
      "icon": "content_paste",
      "dropdown": "1",
      "submenu": [
        {
          "url": "page-account-settings",
          "name": "Account Settings",
          "i18n": "Account Settings",
          "slug": "page-account-settings"
        }
      ]
    },
    {
      "url": "javascript:void(0)",
      "i18n": "Forms & Tables",
      "name": "Forms & Tables",
      "activate": "formsTables",
      "icon": "chrome_reader_mode",
      "dropdown": "1",
      "submenu": [
        {
          "url": "table-data-table",
          "i18n": "Data Tables",
          "name": "Data Tables",
          "slug": "table-data-table"
        },
        {
          "url": "javascript:void(0)",
          "i18n": "Forms",
          "name": "Forms",
          "activate": "formsDropdown",
          "icon": "chevron_right",
          "dropdown": "1",
          "submenu": [
            {
              "url": "form-elements",
              "i18n": "Form Elements",
              "name": "Form Elements",
              "slug": "form-elements"
            },
            {
              "url": "form-select2",
              "name": "Form Select2",
              "i18n": "Form Select2",
              "slug": "form-select2"
            },
            {
              "url": "form-validation",
              "i18n": "Form Validation",
              "name": "Form Validation",
              "slug": "form-validation"
            },
            {
              "url": "form-masks",
              "i18n": "Form Masks",
              "name": "Form Masks",
              "slug": "form-masks"
            },
            {
              "url": "form-editor",
              "name": "Form Editor",
              "i18n": "Form Editor",
              "slug": "form-editor"
            },
            {
              "url": "form-file-uploads",
              "i18n": "File Uploads",
              "name": "File Uploads",
              "slug": "form-file-uploads"
            }
          ]
        },
        {
          "url": "form-layouts",
          "i18n": "Form Layouts",
          "name": "Form Layouts",
          "slug": "form-layouts"
        },
        {
          "url": "form-wizard",
          "i18n": "Form Wizard",
          "name": "Form Wizard",
          "slug": "form-wizard"
        }
      ]
    },
    {
      "url": "javascript:void(0)",
      "i18n": "Chart",
      "name": "Chart",
      "activate": "ChartDropdown",
      "slug": "chart",
      "icon": "pie_chart_outlined",
      "dropdown": "1",
      "submenu": [
        {
          "url": "charts-chartjs",
          "i18n": "ChartJS",
          "name": "ChartJS",
          "slug": "charts-chartjs"
        },
        {
          "url": "charts-chartist",
          "i18n": "Chartist",
          "name": "Chartist",
          "slug": "charts-chartist"
        }
      ]
    }
  ]
}