{
  "listItems": [
    {
      "url": "client-list",
      "name": "Client List",
      "icon": "group",
      "category": "Business"
    },
    {
      "url": "quot-create",
      "name": "New Quotation",
      "icon": "note_add",
      "category": "Business"
    },
    {
      "url": "quot-list",
      "name": "Quotation List",
      "icon": "border_all",
      "category": "Business"
    },
    {
      "url": "import",
      "name": "CSV Import",
      "icon": "build",
      "category": "Business"
    },
    {
      "url": "policy-list",
      "name": "Policy List",
      "icon": "grid_on",
      "category": "Business"
    },
    {
      "url": "report",
      "name": "Report",
      "icon": "show_chart",
      "category": "Business"
    },
    {
      "url": "staff-list",
      "name": "Staff List",
      "icon": "people_outline",
      "category": "Setting"
    },
    {
      "url": "account",
      "name": "Account",
      "icon": "person_outline",
      "category": "Setting"
    }
  ]
}