{
  "menu": [
    {
      "url": "/",
      "name": "Dashboard",
      "i18n": "Dashboard",
      "class": "waves-effect waves-cyan",
      "icon": "dashboard_outline",
      "slug": "/",
      "tagcustom": "badge pill orange float-right mr-10"
    },
    {
      "navheader": "BUSINESS",
      "icon": "more_horiz"
    },
    {
      "url": "javascript:void(0)",
      "name": "Client",
      "i18n": "Client",
      "class": "collapsible-header waves-effect waves-cyan",
      "icon": "group",
      "slug": "client",
      "tagcustom": "badge pill orange float-right mr-10",
      "submenu": [
        {
          "url": "client-list",
          "name": "List",
          "i18n": "List",
          "slug": "client-list"
        }
      ]
    },
    {
      "url": "javascript:void(0)",
      "name": "Quotation",
      "i18n": "Quotation",
      "class": "collapsible-header waves-effect waves-cyan",
      "icon": "note_add",
      "slug": "quotation",
      "tagcustom": "badge pill orange float-right mr-10",
      "submenu": [
        {
          "url": "quot-create",
          "name": "New",
          "i18n": "New",
          "slug": "quot-create"
        },
        {
          "url": "quot-list",
          "name": "List",
          "i18n": "List",
          "slug": "quotation-list"
        }
      ]
    },
    {
      "url": "javascript:void(0)",
      "name": "Tools",
      "i18n": "Tools",
      "class": "collapsible-header waves-effect waves-cyan",
      "icon": "build",
      "slug": "quotation",
      "tagcustom": "badge pill orange float-right mr-10",
      "submenu": [
        {
          "url": "import",
          "name": "Import",
          "i18n": "Import",
          "slug": "import"
        }
      ]
    },
    {
      "url": "javascript:void(0)",
      "name": "Policy",
      "i18n": "Policy",
      "class": "collapsible-header waves-effect waves-cyan",
      "icon": "note",
      "slug": "policy",
      "tagcustom": "badge pill orange float-right mr-10",
      "submenu": [
        {
          "url": "policy-list",
          "name": "List",
          "i18n": "List",
          "slug": "policy-list"
        }
      ]
    },
    {
      "url": "report",
      "name": "Report",
      "i18n": "Report",
      "class": "waves-effect waves-cyan",
      "icon": "show_chart",
      "slug": "report",
      "tagcustom": "badge pill orange float-right mr-10"
    },
    {
      "navheader": "APPLICATIONS",
      "icon": "more_horiz"
    },
	{
      "url": "javascript:void(0)",
      "name": "Notifications",
      "i18n": "Notifications",
      "class": "collapsible-header waves-effect waves-cyan",
      "slug": "notifications",
      "icon": "notifications_none",
      "submenu": [
        {
          "url": "new",
          "name": "New",
          "i18n": "New",
          "slug": "new"
        },
        {
          "url": "expired",
          "name": "Expired",
          "i18n": "Expired",
          "slug": "expired"
        },
        {
          "url": "canceled",
          "name": "Canceled",
          "i18n": "Canceled",
          "slug": "canceled"
        }
      ]
    },
    {
      "url": "chat",
      "name": "Chat",
      "i18n": "Chat",
      "class": "waves-effect waves-cyan",
      "icon": "chat_bubble_outline",
      "slug": "chat",
      "tagcustom": "badge pill orange float-right mr-10"
    },
    {
      "url": "mail",
      "name": "Mail",
      "i18n": "Mail",
      "class": "waves-effect waves-cyan",
      "icon": "mail_outline",
      "slug": "mail",
      "tagcustom": "badge pill orange float-right mr-10"
    },
    {
      "navheader": "SETTING",
      "icon": "more_horiz"
    },
    {
      "url": "javascript:void(0)",
      "name": "Staff",
      "i18n": "Staff",
      "class": "collapsible-header waves-effect waves-cyan",
      "icon": "people_outline",
      "slug": "staff",
      "tagcustom": "badge pill orange float-right mr-10",
      "submenu": [
        {
          "url": "staff-list",
          "name": "List",
          "i18n": "List",
          "slug": "staff-list"
        }
      ]
    },
    {
      "url": "account",
      "name": "Account",
      "i18n": "Account",
      "class": "waves-effect waves-cyan",
      "icon": "person_outline",
      "slug": "app-account_setting",
      "tagcustom": "badge pill orange float-right mr-10"
    }
  ]
}